method,original_order,mean_accuracy,min_accuracy,max_accuracy,n_runs,accuracy_seed2026_sess1_to_sess2,accuracy_seed2026_sess2_to_sess1,accuracy_seed1145_sess1_to_sess2,accuracy_seed1145_sess2_to_sess1,accuracy_seed114399_sess1_to_sess2,accuracy_seed114399_sess2_to_sess1
conv_fusion_z_log_0.20,8,0.6871526732312586,0.6795774647887324,0.6947743467933492,6,0.6807511737089202,0.6923990498812351,0.6795774647887324,0.6947743467933492,0.6901408450704225,0.6852731591448931
conv_fusion_zp_log_0.20,14,0.6867660834364858,0.6772300469483568,0.6971496437054632,6,0.6772300469483568,0.6935866983372921,0.6784037558685446,0.6971496437054632,0.6901408450704225,0.684085510688836
conv_fusion_z_et_0.20,5,0.6855761117244507,0.676056338028169,0.6923990498812351,6,0.676056338028169,0.6923990498812351,0.6830985915492958,0.6864608076009501,0.687793427230047,0.6876484560570071
conv_fusion_z_et_0.35,6,0.6849985502882695,0.6713615023474179,0.6923990498812351,6,0.6713615023474179,0.6900237529691211,0.6772300469483568,0.6923990498812351,0.6901408450704225,0.6888361045130641
conv_fusion_z_svc_0.20,11,0.6849846107524004,0.6772300469483568,0.6900237529691211,6,0.6807511737089202,0.6888361045130641,0.6772300469483568,0.6900237529691211,0.687793427230047,0.6852731591448931
stack_log_c01,121,0.68436755396459,0.6725352112676056,0.6971830985915493,6,0.6725352112676056,0.6817102137767221,0.6971830985915493,0.6852731591448931,0.687793427230047,0.6817102137767221
conv_fusion_net_0.20,2,0.68401581300949,0.676056338028169,0.6923990498812351,6,0.681924882629108,0.684085510688836,0.676056338028169,0.6923990498812351,0.6772300469483568,0.6923990498812351
stack_log_c003,120,0.6824206654548562,0.6748826291079812,0.6888361045130641,6,0.6795774647887324,0.6805225653206651,0.6866197183098591,0.6888361045130641,0.6748826291079812,0.684085510688836
conv_fusion_zp_log_0.35,15,0.6802572494879544,0.6666666666666666,0.6947743467933492,6,0.6666666666666666,0.6947743467933492,0.6795774647887324,0.6817102137767221,0.687793427230047,0.671021377672209
conv_gate0.008,16,0.6802409866961069,0.665083135391924,0.6901408450704225,6,0.676056338028169,0.665083135391924,0.676056338028169,0.6852731591448931,0.6901408450704225,0.6888361045130641
conv_gate0.012,17,0.6802409866961069,0.665083135391924,0.6901408450704225,6,0.676056338028169,0.665083135391924,0.676056338028169,0.6852731591448931,0.6901408450704225,0.6888361045130641
conv_gate0.016,18,0.6802409866961069,0.665083135391924,0.6901408450704225,6,0.676056338028169,0.665083135391924,0.676056338028169,0.6852731591448931,0.6901408450704225,0.6888361045130641
conv_fusion_z_log_0.35,9,0.6798613666692687,0.6654929577464789,0.6923990498812351,6,0.6654929577464789,0.6923990498812351,0.6784037558685446,0.6805225653206651,0.6901408450704225,0.672209026128266
oof_rank_mean12,31,0.6798567201573121,0.669833729216152,0.6876484560570071,6,0.6772300469483568,0.669833729216152,0.6784037558685446,0.6852731591448931,0.6807511737089202,0.6876484560570071
oof_rank_mean8,34,0.6794654838505831,0.6733966745843231,0.6876484560570071,6,0.6737089201877934,0.6733966745843231,0.6807511737089202,0.6817102137767221,0.6795774647887324,0.6876484560570071
oof_rank_mean3,32,0.6790812173117883,0.669833729216152,0.6888361045130641,6,0.676056338028169,0.669833729216152,0.676056338028169,0.6876484560570071,0.676056338028169,0.6888361045130641
oof_rank_median12,35,0.6790603080079847,0.668646080760095,0.6864608076009501,6,0.6807511737089202,0.668646080760095,0.681924882629108,0.6805225653206651,0.676056338028169,0.6864608076009501
oof_rank_median8,38,0.6780915102650743,0.669833729216152,0.6876484560570071,6,0.6784037558685446,0.669833729216152,0.676056338028169,0.6828978622327792,0.6737089201877934,0.6876484560570071
conv_fusion_z_et_0.10,4,0.6778982153676877,0.6737089201877934,0.684085510688836,6,0.6737089201877934,0.684085510688836,0.6748826291079812,0.6805225653206651,0.6772300469483568,0.6769596199524941
conv_fusion_net_0.10,1,0.677523241852806,0.6654929577464789,0.6852731591448931,6,0.6654929577464789,0.6852731591448931,0.6784037558685446,0.6852731591448931,0.6713615023474179,0.6793349168646081
recipe_conv_spec_erp_mean,39,0.6772834818358554,0.668646080760095,0.6852731591448931,6,0.676056338028169,0.668646080760095,0.6807511737089202,0.6733966745843231,0.6795774647887324,0.6852731591448931
recipe_conv_spec_erp_median,40,0.6772834818358554,0.668646080760095,0.6852731591448931,6,0.676056338028169,0.668646080760095,0.6807511737089202,0.6733966745843231,0.6795774647887324,0.6852731591448931
recipe_four_core_mean,42,0.6772834818358554,0.668646080760095,0.6852731591448931,6,0.676056338028169,0.668646080760095,0.6807511737089202,0.6733966745843231,0.6795774647887324,0.6852731591448931
recipe_four_core_median,43,0.6772834818358554,0.668646080760095,0.6852731591448931,6,0.676056338028169,0.668646080760095,0.6807511737089202,0.6733966745843231,0.6795774647887324,0.6852731591448931
oof_rank_mean5,33,0.6771157427542293,0.67018779342723,0.6864608076009501,6,0.6772300469483568,0.672209026128266,0.6737089201877934,0.6828978622327792,0.67018779342723,0.6864608076009501
oof_rank_median5,37,0.6763355933967489,0.6631455399061033,0.6888361045130641,6,0.676056338028169,0.668646080760095,0.676056338028169,0.6852731591448931,0.6631455399061033,0.6888361045130641
stack_lda,119,0.6761190659395805,0.6631455399061033,0.6854460093896714,6,0.6631455399061033,0.6757719714964371,0.676056338028169,0.6733966745843231,0.6854460093896714,0.6828978622327792
conv_fusion_zp_log_0.10,13,0.675737122656764,0.6654929577464789,0.6817102137767221,6,0.6654929577464789,0.6817102137767221,0.6784037558685446,0.6793349168646081,0.6737089201877934,0.6757719714964371
conv_fusion_z_svc_0.35,12,0.6757347994007858,0.6643192488262911,0.6888361045130641,6,0.6678403755868545,0.6888361045130641,0.6643192488262911,0.6817102137767221,0.6866197183098591,0.665083135391924
oof_rank_median3,36,0.6755507975273122,0.6596244131455399,0.6888361045130641,6,0.676056338028169,0.667458432304038,0.676056338028169,0.6852731591448931,0.6596244131455399,0.6888361045130641
conv_fusion_z_log_0.10,7,0.6755415045033993,0.6654929577464789,0.6817102137767221,6,0.6654929577464789,0.6817102137767221,0.6772300469483568,0.6793349168646081,0.6737089201877934,0.6757719714964371
recipe_robust_core_mean,45,0.674537857920816,0.666270783847981,0.6828978622327792,6,0.6725352112676056,0.666270783847981,0.6784037558685446,0.6745843230403801,0.6725352112676056,0.6828978622327792
recipe_robust_core_median,46,0.674537857920816,0.666270783847981,0.6828978622327792,6,0.6725352112676056,0.666270783847981,0.6784037558685446,0.6745843230403801,0.6725352112676056,0.6828978622327792
conv_fusion_z_svc_0.10,10,0.6743561793033207,0.6643192488262911,0.6781472684085511,6,0.6643192488262911,0.6781472684085511,0.676056338028169,0.6781472684085511,0.6748826291079812,0.6745843230403801
conv_fusion_net_0.35,3,0.673797203914965,0.6596244131455399,0.6864608076009501,6,0.6666666666666666,0.6864608076009501,0.6596244131455399,0.6817102137767221,0.6713615023474179,0.6769596199524941
recipe_robust_core_zmean,47,0.6704298767001586,0.6631455399061033,0.684085510688836,6,0.6713615023474179,0.667458432304038,0.6631455399061033,0.672209026128266,0.6643192488262911,0.684085510688836
spec_fusion_spec649_log_c08_0.18,69,0.6688184663536777,0.663895486935867,0.6725352112676056,6,0.6713615023474179,0.668646080760095,0.6690140845070423,0.663895486935867,0.6725352112676056,0.667458432304038
recipe_conv_spec_erp_zmean,41,0.6684644021425995,0.6584507042253521,0.6817102137767221,6,0.6690140845070423,0.663895486935867,0.6584507042253521,0.6733966745843231,0.6643192488262911,0.6817102137767221
recipe_four_core_zmean,44,0.6684644021425995,0.6584507042253521,0.6817102137767221,6,0.6690140845070423,0.663895486935867,0.6584507042253521,0.6733966745843231,0.6643192488262911,0.6817102137767221
spec_fusion_spec649_log_c04_0.18,61,0.668422583534992,0.665083135391924,0.6725352112676056,6,0.6678403755868545,0.666270783847981,0.6725352112676056,0.665083135391924,0.6725352112676056,0.666270783847981
spec_fusion_spec649_log_c08_0.12,68,0.667446816024147,0.663895486935867,0.6713615023474179,6,0.6690140845070423,0.665083135391924,0.6654929577464789,0.669833729216152,0.6713615023474179,0.663895486935867
spec_fusion_spec649_log_c08_0.03,65,0.6672767536865426,0.6619718309859155,0.671021377672209,6,0.6643192488262911,0.671021377672209,0.6619718309859155,0.669833729216152,0.6654929577464789,0.671021377672209
spec_fusion_spec649_ridge_a5_0.05,74,0.6672628141506732,0.6643192488262911,0.668646080760095,6,0.6678403755868545,0.668646080760095,0.6643192488262911,0.668646080760095,0.6666666666666666,0.667458432304038
spec_fusion_spec649_log_c04_0.03,57,0.6670718425092651,0.6631455399061033,0.669833729216152,6,0.6654929577464789,0.668646080760095,0.6631455399061033,0.668646080760095,0.6666666666666666,0.669833729216152
spec_fusion_spec649_log_c08_0.08,67,0.6668831941238351,0.6619718309859155,0.671021377672209,6,0.6643192488262911,0.669833729216152,0.6643192488262911,0.671021377672209,0.6619718309859155,0.669833729216152
spec_fusion_spec649_log_c08_0.05,66,0.6664966043290622,0.6596244131455399,0.6733966745843231,6,0.6631455399061033,0.669833729216152,0.6596244131455399,0.6733966745843231,0.6631455399061033,0.669833729216152
spec_fusion_spec649_ridge_a5_0.03,73,0.6660914284864637,0.6619718309859155,0.668646080760095,6,0.6643192488262911,0.668646080760095,0.6643192488262911,0.668646080760095,0.6619718309859155,0.668646080760095
spec_fusion_spec649_log_c04_0.05,58,0.6659004568450556,0.6607981220657277,0.672209026128266,6,0.6631455399061033,0.666270783847981,0.6631455399061033,0.672209026128266,0.6607981220657277,0.669833729216152
spec_fusion_spec649_log_c04_0.12,60,0.6654906344905006,0.663895486935867,0.668646080760095,6,0.6643192488262911,0.663895486935867,0.6654929577464789,0.668646080760095,0.6643192488262911,0.666270783847981
spec_fusion_spec649_log_c04_0.28,62,0.665306632617027,0.6596244131455399,0.669833729216152,6,0.6619718309859155,0.669833729216152,0.6654929577464789,0.668646080760095,0.6596244131455399,0.666270783847981
spec_fusion_spec649_svc_c08_0.35,87,0.6652648140094194,0.6603325415676959,0.67018779342723,6,0.67018779342723,0.6603325415676959,0.6690140845070423,0.661520190023753,0.6690140845070423,0.661520190023753
spec_fusion_spec649_ridge_a5_0.08,75,0.6650970749277932,0.6631455399061033,0.668646080760095,6,0.6654929577464789,0.668646080760095,0.6631455399061033,0.663895486935867,0.6643192488262911,0.665083135391924
spec_zfusion_spec649_log_c04_0.12,100,0.6650924284158368,0.663895486935867,0.666270783847981,6,0.6654929577464789,0.663895486935867,0.6654929577464789,0.665083135391924,0.6643192488262911,0.666270783847981
spec_zfusion_spec649_log_c08_0.12,105,0.6648921637505157,0.6619718309859155,0.6690140845070423,6,0.6690140845070423,0.666270783847981,0.6654929577464789,0.663895486935867,0.6619718309859155,0.66270783847981
spec_fusion_spec649_log_c04_0.08,59,0.6647221014129113,0.6607981220657277,0.669833729216152,6,0.6607981220657277,0.668646080760095,0.6607981220657277,0.669833729216152,0.6607981220657277,0.667458432304038
spec_fusion_spec649_gpu_0.03,49,0.6645195134916122,0.6596244131455399,0.668646080760095,6,0.6619718309859155,0.666270783847981,0.6631455399061033,0.668646080760095,0.6596244131455399,0.667458432304038
conv_svc,20,0.6645055739557428,0.6631455399061033,0.665083135391924,6,0.6643192488262911,0.665083135391924,0.6643192488262911,0.665083135391924,0.6631455399061033,0.665083135391924
spec_base,48,0.6645055739557428,0.6631455399061033,0.665083135391924,6,0.6643192488262911,0.665083135391924,0.6643192488262911,0.665083135391924,0.6631455399061033,0.665083135391924
spec_fusion_spec649_gpu_0.05,50,0.66411898416097,0.6619718309859155,0.669833729216152,6,0.6631455399061033,0.663895486935867,0.6619718309859155,0.669833729216152,0.6619718309859155,0.663895486935867
spec_fusion_spec649_svc_c08_0.03,81,0.6641143376490136,0.6619718309859155,0.666270783847981,6,0.6643192488262911,0.666270783847981,0.6631455399061033,0.665083135391924,0.6619718309859155,0.663895486935867
spec_fusion_spec649_ridge_a5_0.12,76,0.6639163962396708,0.6619718309859155,0.6654929577464789,6,0.6619718309859155,0.665083135391924,0.6654929577464789,0.665083135391924,0.6619718309859155,0.663895486935867
spec_fusion_spec649_svc_c08_0.08,83,0.6639163962396708,0.6619718309859155,0.666270783847981,6,0.6643192488262911,0.666270783847981,0.6631455399061033,0.663895486935867,0.6619718309859155,0.663895486935867
spec_fusion_spec649_svc_c08_0.05,82,0.6639163962396707,0.6619718309859155,0.665083135391924,6,0.6643192488262911,0.665083135391924,0.6631455399061033,0.665083135391924,0.6619718309859155,0.663895486935867
spec_fusion_spec649_svc_c08_0.40,88,0.663883870655976,0.6579572446555819,0.6713615023474179,6,0.6713615023474179,0.6591448931116389,0.6666666666666666,0.6603325415676959,0.6678403755868545,0.6579572446555819
spec_fusion_spec649_ridge_a5_0.18,77,0.6637091618064151,0.6555819477434679,0.666270783847981,6,0.6643192488262911,0.666270783847981,0.6654929577464789,0.666270783847981,0.6643192488262911,0.6555819477434679
spec_zfusion_spec649_log_c04_0.18,101,0.663129277114256,0.6579572446555819,0.667458432304038,6,0.6619718309859155,0.666270783847981,0.6631455399061033,0.667458432304038,0.6619718309859155,0.6579572446555819
spec_zfusion_spec649_log_c08_0.18,106,0.6629359822168694,0.6584507042253521,0.667458432304038,6,0.6631455399061033,0.663895486935867,0.6631455399061033,0.667458432304038,0.6584507042253521,0.661520190023753
spec_fusion_spec649_svc_c08_0.12,84,0.6629290124489349,0.661520190023753,0.665083135391924,6,0.6631455399061033,0.665083135391924,0.6631455399061033,0.66270783847981,0.6619718309859155,0.661520190023753
spec_zfusion_spec649_log_c04_0.08,99,0.6627426873194829,0.6549295774647887,0.667458432304038,6,0.6643192488262911,0.66270783847981,0.6631455399061033,0.663895486935867,0.6549295774647887,0.667458432304038
spec_fusion_spec649_svc_c08_0.18,85,0.6627287477836138,0.6603325415676959,0.666270783847981,6,0.6631455399061033,0.6603325415676959,0.6643192488262911,0.666270783847981,0.6619718309859155,0.6603325415676959
spec_fusion_spec649_svc_c08_0.28,86,0.6627078384798101,0.6567695961995249,0.6678403755868545,6,0.6666666666666666,0.6591448931116389,0.6678403755868545,0.6603325415676959,0.6654929577464789,0.6567695961995249
spec_zfusion_spec649_log_c08_0.08,104,0.6623491277567756,0.653755868544601,0.668646080760095,6,0.6631455399061033,0.66270783847981,0.6643192488262911,0.661520190023753,0.653755868544601,0.668646080760095
spec_fusion_spec649_gpu_0.12,52,0.6621511863474328,0.6561032863849765,0.6678403755868545,6,0.6561032863849765,0.663895486935867,0.6678403755868545,0.66270783847981,0.6572769953051644,0.665083135391924
spec_fusion_spec649_gpu_0.18,53,0.6615341295596221,0.6567695961995249,0.6690140845070423,6,0.6643192488262911,0.6567695961995249,0.6690140845070423,0.6603325415676959,0.6596244131455399,0.6591448931116389
spec_fusion_spec649_gpu_0.08,51,0.6613640672220177,0.6584507042253521,0.663895486935867,6,0.6596244131455399,0.66270783847981,0.6607981220657277,0.663895486935867,0.6584507042253521,0.66270783847981
spec_fusion_spec649_log_c08_0.28,70,0.6609867704511577,0.6561032863849765,0.666270783847981,6,0.6561032863849765,0.663895486935867,0.6561032863849765,0.666270783847981,0.6572769953051644,0.666270783847981
erp_erp_late_et_l8,25,0.6606540801950791,0.6353919239904988,0.681924882629108,6,0.681924882629108,0.6353919239904988,0.6748826291079812,0.649643705463183,0.6807511737089202,0.6413301662707839
spec_zfusion_spec649_gpu_0.18,96,0.6599924168924871,0.653755868544601,0.665083135391924,6,0.6584507042253521,0.663895486935867,0.6596244131455399,0.6591448931116389,0.653755868544601,0.665083135391924
spec_zfusion_spec649_gpu_0.12,95,0.659792152227166,0.653755868544601,0.66270783847981,6,0.6572769953051644,0.66270783847981,0.6619718309859155,0.66270783847981,0.653755868544601,0.6603325415676959
spec_fusion_spec649_ridge_a5_0.28,78,0.6596058270977142,0.6490610328638498,0.6654929577464789,6,0.6654929577464789,0.665083135391924,0.6490610328638498,0.6603325415676959,0.6525821596244131,0.665083135391924
spec_zfusion_spec649_ridge_a5_0.18,111,0.6588070916924084,0.6561032863849765,0.661520190023753,6,0.6561032863849765,0.6603325415676959,0.6572769953051644,0.6603325415676959,0.6572769953051644,0.661520190023753
spec_zfusion_spec649_gpu_0.28,97,0.6583995925938316,0.6555819477434679,0.66270783847981,6,0.6572769953051644,0.6555819477434679,0.6596244131455399,0.6555819477434679,0.6596244131455399,0.66270783847981
spec_zfusion_spec649_gpu_0.08,94,0.6582295302562272,0.6525821596244131,0.663895486935867,6,0.653755868544601,0.661520190023753,0.6561032863849765,0.661520190023753,0.6525821596244131,0.663895486935867
spec_zfusion_spec649_ridge_a5_0.08,109,0.6578429404614544,0.647887323943662,0.665083135391924,6,0.6584507042253521,0.66270783847981,0.647887323943662,0.661520190023753,0.6514084507042254,0.665083135391924
spec_zfusion_spec649_ridge_a5_0.12,110,0.6576519688200461,0.647887323943662,0.665083135391924,6,0.6561032863849765,0.665083135391924,0.6502347417840375,0.66270783847981,0.647887323943662,0.663895486935867
spec_zfusion_spec649_log_c04_0.28,102,0.6574493808987469,0.6514084507042254,0.665083135391924,6,0.6514084507042254,0.661520190023753,0.6514084507042254,0.665083135391924,0.653755868544601,0.661520190023753
spec_zfusion_spec649_ridge_a5_0.28,112,0.6560219724257395,0.6508313539192399,0.6607981220657277,6,0.6607981220657277,0.6543942992874109,0.6584507042253521,0.6532066508313539,0.6584507042253521,0.6508313539192399
spec_zfusion_spec649_log_c04_0.35,103,0.6558588798560697,0.6502347417840375,0.6603325415676959,6,0.6549295774647887,0.6603325415676959,0.6549295774647887,0.6579572446555819,0.6502347417840375,0.6567695961995249
spec_zfusion_spec649_svc_c08_0.08,114,0.6556957872863999,0.6443661971830986,0.665083135391924,6,0.6490610328638498,0.665083135391924,0.6443661971830986,0.663895486935867,0.6490610328638498,0.66270783847981
spec_zfusion_spec649_log_c08_0.28,107,0.6556772012385742,0.6490610328638498,0.66270783847981,6,0.6514084507042254,0.6591448931116389,0.6514084507042254,0.66270783847981,0.6490610328638498,0.6603325415676959
spec_fusion_spec649_log_c04_0.35,63,0.6550647909627201,0.6502347417840375,0.6603325415676959,6,0.6502347417840375,0.6603325415676959,0.6549295774647887,0.6555819477434679,0.6561032863849765,0.6532066508313539
spec_fusion_spec649_log_c08_0.35,71,0.6548714960653336,0.6525821596244131,0.6591448931116389,6,0.653755868544601,0.6567695961995249,0.6525821596244131,0.6591448931116389,0.6525821596244131,0.6543942992874109
conv_zp_log,24,0.654862203041421,0.6349765258215962,0.6795774647887324,6,0.6349765258215962,0.6591448931116389,0.6490610328638498,0.6508313539192399,0.6795774647887324,0.6555819477434679
spec_zfusion_spec649_log_c08_0.35,108,0.6546921407038164,0.647887323943662,0.661520190023753,6,0.6525821596244131,0.6567695961995249,0.647887323943662,0.661520190023753,0.6490610328638498,0.6603325415676959
spec_zfusion_spec649_ridge_a5_0.35,113,0.6546665848880563,0.6508313539192399,0.6603325415676959,6,0.6549295774647887,0.6603325415676959,0.653755868544601,0.6508313539192399,0.653755868544601,0.6543942992874109
conv_z_svc,23,0.654487229526539,0.6396713615023474,0.6713615023474179,6,0.6396713615023474,0.667458432304038,0.642018779342723,0.649643705463183,0.6713615023474179,0.6567695961995249
conv_z_log,22,0.6544663202227352,0.6349765258215962,0.6795774647887324,6,0.6349765258215962,0.665083135391924,0.6490610328638498,0.6484560570071259,0.6795774647887324,0.649643705463183
spec_fusion_spec649_ridge_a5_0.35,79,0.6538655262267721,0.647887323943662,0.6619718309859155,6,0.6619718309859155,0.649643705463183,0.647887323943662,0.6567695961995249,0.6572769953051644,0.649643705463183
conv_z_et,21,0.6533390764221113,0.6349765258215962,0.671021377672209,6,0.6349765258215962,0.671021377672209,0.6396713615023474,0.6579572446555819,0.6584507042253521,0.6579572446555819
spec_zfusion_spec649_gpu_0.35,98,0.6532786717666782,0.6490610328638498,0.6596244131455399,6,0.6596244131455399,0.6543942992874109,0.6549295774647887,0.6508313539192399,0.6490610328638498,0.6508313539192399
spec_zfusion_spec649_svc_c08_0.12,115,0.6525333712488709,0.642018779342723,0.6603325415676959,6,0.6490610328638498,0.6603325415676959,0.642018779342723,0.6579572446555819,0.6490610328638498,0.6567695961995249
spec_fusion_spec649_gpu_0.28,54,0.651124548823689,0.6467136150234741,0.6579572446555819,6,0.647887323943662,0.6472684085510689,0.6572769953051644,0.649643705463183,0.6467136150234741,0.6579572446555819
spec_zfusion_spec649_svc_c08_0.18,116,0.6507449287968508,0.6396713615023474,0.6543942992874109,6,0.6514084507042254,0.6543942992874109,0.6396713615023474,0.6520190023752969,0.6525821596244131,0.6543942992874109
spec_fusion_spec649_ridge_a5_0.40,80,0.6501394882889313,0.6460807600950119,0.6579572446555819,6,0.6502347417840375,0.6472684085510689,0.647887323943662,0.6579572446555819,0.6514084507042254,0.6460807600950119
spec_fusion_spec649_log_c04_0.40,64,0.649382571491233,0.6408450704225352,0.6567695961995249,6,0.6408450704225352,0.6567695961995249,0.6455399061032864,0.6543942992874109,0.6455399061032864,0.6532066508313539
erp_erp_late_svc_c07,30,0.6481391648916991,0.6389548693586699,0.6596244131455399,6,0.6596244131455399,0.6389548693586699,0.647887323943662,0.6460807600950119,0.6525821596244131,0.6437054631828979
spec_fusion_spec649_log_c08_0.40,72,0.6475894825272565,0.6443661971830986,0.6520190023752969,6,0.6443661971830986,0.649643705463183,0.6455399061032864,0.6520190023752969,0.647887323943662,0.6460807600950119
spec_zfusion_spec649_svc_c08_0.28,117,0.6475685732234525,0.6437054631828979,0.6525821596244131,6,0.6490610328638498,0.6484560570071259,0.6467136150234741,0.6437054631828979,0.6525821596244131,0.6448931116389549
conv_net,19,0.64591255636219,0.6244131455399061,0.668646080760095,6,0.6314553990610329,0.668646080760095,0.6291079812206573,0.6603325415676959,0.6244131455399061,0.661520190023753
spec_zfusion_spec649_svc_c08_0.35,118,0.639061739133667,0.6282660332541568,0.6502347417840375,6,0.6467136150234741,0.6282660332541568,0.6502347417840375,0.6282660332541568,0.6490610328638498,0.6318289786223278
spec_fusion_spec649_gpu_0.35,55,0.6373848129686007,0.6220657276995305,0.6472684085510689,6,0.6338028169014085,0.6472684085510689,0.6373239436619719,0.6425178147268409,0.6220657276995305,0.6413301662707839
erp_erp_late_log_c03,27,0.6305358543448604,0.6115023474178404,0.6532066508313539,6,0.6185446009389671,0.6532066508313539,0.6232394366197183,0.6377672209026128,0.6115023474178404,0.6389548693586699
spec_fusion_spec649_gpu_0.40,56,0.6245743795047933,0.6161971830985915,0.6330166270783848,6,0.6244131455399061,0.6318289786223278,0.6244131455399061,0.6330166270783848,0.6161971830985915,0.6175771971496437
erp_erp_late_log_c08,28,0.6230349900936365,0.6044600938967136,0.6413301662707839,6,0.6103286384976526,0.6318289786223278,0.6279342723004695,0.6413301662707839,0.6044600938967136,0.6223277909738717
erp_erp_late_lda,26,0.6221897895687665,0.6161971830985915,0.6291079812206573,6,0.6161971830985915,0.6223277909738717,0.6244131455399061,0.6163895486935868,0.6291079812206573,0.6247030878859857
erp_erp_late_ridge_a8,29,0.6019714220928633,0.5809859154929577,0.6128266033254157,6,0.5950704225352113,0.6057007125890737,0.607981220657277,0.6128266033254157,0.5809859154929577,0.6092636579572447
spec_spec649_log_c08,91,0.5534846051765859,0.5391923990498813,0.562206572769953,6,0.5575117370892019,0.5391923990498813,0.5598591549295775,0.5451306413301663,0.562206572769953,0.5570071258907363
spec_spec649_log_c04,90,0.550943892438824,0.5427553444180523,0.5598591549295775,6,0.5551643192488263,0.5427553444180523,0.5598591549295775,0.5486935866983373,0.5481220657276995,0.5510688836104513
spec_spec649_ridge_a5,92,0.5442742891766009,0.5387323943661971,0.5492957746478874,6,0.5492957746478874,0.5486935866983373,0.5446009389671361,0.5451306413301663,0.5387323943661971,0.5391923990498813
spec_spec649_gpu,89,0.5328471223222152,0.5201900237529691,0.5415676959619953,6,0.5328638497652582,0.5296912114014252,0.534037558685446,0.5415676959619953,0.5387323943661971,0.5201900237529691
spec_spec649_svc_c08,93,0.5152721554983105,0.4964370546318289,0.528169014084507,6,0.528169014084507,0.501187648456057,0.528169014084507,0.4964370546318289,0.528169014084507,0.5095011876484561
